studentId,name,class,parentName,parentPhone,year,term,subject,score,grade,remarks,date(YYYY-MM-DD),pin
AHA-6B-014,Irene Awuor,Grade 6 Blue,Mary Awuor,+254700111222,2025,Term 2,English,78,B+,Great improvement,2025-06-30,4321
AHA-6B-014,Irene Awuor,Grade 6 Blue,Mary Awuor,+254700111222,2025,Term 2,Math,84,A-,Strong problem solving,2025-06-30,
AHA-6B-014,Irene Awuor,Grade 6 Blue,Mary Awuor,+254700111222,2025,Term 2,Science,73,B,Good practical skills,2025-06-30,
AHA-5R-007,John Martin,Grade 5 Red,Peter Martin,+254700222333,2025,Term 2,English,65,B-,Keep reading,2025-06-28,2468
AHA-5R-007,John Martin,Grade 5 Red,Peter Martin,+254700222333,2025,Term 2,Math,59,C+,Practice daily,2025-06-28,
