[
  {
    "studentId": "AHA-6B-014",
    "year": 2025,
    "term": "Term 2",
    "subject": "English",
    "score": 78,
    "grade": "B+",
    "remarks": "Great improvement",
    "date": "2025-06-30"
  },
  {
    "studentId": "AHA-6B-014",
    "year": 2025,
    "term": "Term 2",
    "subject": "Math",
    "score": 84,
    "grade": "A-",
    "remarks": "Strong problem solving",
    "date": "2025-06-30"
  },
  {
    "studentId": "AHA-6B-014",
    "year": 2025,
    "term": "Term 2",
    "subject": "Science",
    "score": 73,
    "grade": "B",
    "remarks": "Good practical skills",
    "date": "2025-06-30"
  },
  {
    "studentId": "AHA-5R-007",
    "year": 2025,
    "term": "Term 2",
    "subject": "English",
    "score": 65,
    "grade": "B-",
    "remarks": "Keep reading",
    "date": "2025-06-28"
  },
  {
    "studentId": "AHA-5R-007",
    "year": 2025,
    "term": "Term 2",
    "subject": "Math",
    "score": 59,
    "grade": "C+",
    "remarks": "Practice daily",
    "date": "2025-06-28"
  }
]